{
"lengthUnit": "mil",
"components": {
	"fields": ["COMPONENT_NO", "COMPONENT_NAME", "LAYER", "X_COORDINATE", "Y_COORDINATE", "ANGLE"],
	"rows": [
		[1, "C1", "T", -866.14, 81.18, 270],
		[2, "C2", "T", 866.14, 81.18, 90],
		[3, "C3", "T", -755, 275.55, 90],
		[4, "C4", "T", -955, 398.54, 90],
		[5, "C5", "T", -855, 315, 270],
		[6, "C6", "T", -930.04, -148.11, 0],
		[7, "C7", "T", 809.96, -148.11, 0],
		[8, "C8", "T", 1050, 110, 270],
		[9, "C9", "T", -470, -995, 180],
		[10, "C10", "T", 225, -720, 135],
		[11, "FPC1", "T", 0, 1013.19, 180],
		[12, "IFX_A1", "T", -870, -490, 270],
		[13, "IFX_B1", "T", 870, -490, 270],
		[14, "LED1", "T", -1830.71, 728.33, 270],
		[15, "LED2", "T", 1830.71, 728.34, 90],
		[16, "LED3", "T", 462.19, -769.58, 0],
		[17, "LED4", "T", 840, 530, 180],
		[18, "LED5", "T", -840, 530, 0],
		[19, "LED6", "T", -470, -845, 180],
		[20, "LED7", "T", -470, -920, 180],
		[21, "Q1", "T", 1060, 360, 180],
		[22, "R1", "T", -610, -845, 0],
		[23, "R2", "T", -610, -920, 0],
		[24, "R3", "T", -610, -770, 0],
		[25, "R4", "T", 462.19, -844.58, 0],
		[26, "R5", "T", 735, 425, 90],
		[27, "R6", "B", -1524.8, 725.49, 90],
		[28, "R7", "B", 1524.8, 731.18, 270],
		[29, "R8", "T", 810, 300, 270],
		[30, "R9", "T", 810, 425, 270],
		[31, "R10", "T", -705, 465, 0],
		[32, "R20", "B", -1640.71, 693.33, 180],
		[33, "R21", "B", 1640.71, 763.34, 0],
		[34, "R30", "B", -1640.71, 763.33, 180],
		[35, "R31", "B", 1640.71, 693.34, 0],
		[36, "S0", "B", -1830.71, 728.33, 180],
		[37, "S1", "B", 1830.71, 728.34, 0],
		[38, "SW0", "T", 1431.1, -1190.94, 180],
		[39, "SW1", "T", 1470, 230, 0],
		[40, "SW2", "T", 1470, 445, 0],
		[41, "U1", "T", 0, -905.51, 315],
		[42, "U5", "T", -1205, 355, 180],
		[43, "VIN", "T", -1431.1, -1190.94, 0],
		[44, "X1", "T", -255, -1065, 135],
		[45, "PAD1", "T", 1170, 70, 0],
		[46, "PAD1", "B", 1170, 70, 0],
		[47, "PAD2", "T", 1170, 170, 0],
		[48, "PAD2", "B", 1170, 170, 0],
		[49, "PAD3", "B", -78.74, -1125, 0],
		[50, "PAD4", "B", -157.48, -1125, 0],
		[51, "PAD5", "B", 0, -1125, 0],
		[52, "PAD6", "B", 78.74, -1125, 0],
		[53, "PAD7", "B", 157.48, -1125, 0],
		[54, "PAD8", "B", 1437.55, -329.18, 0],
		[55, "PAD9", "B", 1437.55, -429.18, 0],
		[56, "PAD10", "B", 1437.55, -529.18, 0],
		[57, "PAD11", "B", 1337.55, -529.18, 0],
		[58, "PAD12", "B", 1337.55, -429.18, 0],
		[59, "PAD13", "B", 1337.55, -329.18, 0],
		[60, "PAD14", "B", 1833.4, 110, 0],
		[61, "PAD15", "B", 1833.4, 155, 0],
		[62, "PAD16", "B", 1833.4, 200, 0],
		[63, "PAD17", "B", 1833.4, 245, 0],
		[64, "PAD18", "T", 1773.4, 245, 0],
		[65, "PAD19", "T", 1773.4, 200, 0],
		[66, "PAD20", "T", 1773.4, 110, 0],
		[67, "PAD21", "T", 1773.4, 155, 0],
		[68, "PAD22", "T", -1773.4, 110, 0],
		[69, "PAD23", "T", -1773.4, 245, 0],
		[70, "PAD24", "T", -1773.4, 200, 0],
		[71, "PAD25", "T", -1773.4, 155, 0],
		[72, "PAD26", "B", -1833.4, 110, 0],
		[73, "PAD27", "B", -1833.4, 155, 0],
		[74, "PAD28", "B", -1833.4, 200, 0],
		[75, "PAD29", "B", -1833.4, 245, 0],
		[76, "PAD30", "T", 1440, 100, 0],
		[77, "PAD30", "B", 1440, 100, 0],
		[78, "PAD31", "T", 1440, 0, 0],
		[79, "PAD31", "B", 1440, 0, 0],
		[80, "PAD32", "T", -1440, 0, 0],
		[81, "PAD32", "B", -1440, 0, 0],
		[82, "PAD33", "T", -1440, 100, 0],
		[83, "PAD33", "B", -1440, 100, 0],
		[84, "PAD34", "B", -1459.8, 705.49, 0],
		[85, "PAD35", "B", -1459.8, 750.49, 0],
		[86, "PAD36", "B", -1459.8, 795.49, 0],
		[87, "PAD37", "B", -1459.8, 660.49, 0],
		[88, "PAD38", "B", 1459.8, 661.18, 0],
		[89, "PAD39", "B", 1459.8, 751.18, 0],
		[90, "PAD40", "B", 1459.8, 796.18, 0],
		[91, "PAD41", "B", 1459.8, 706.18, 0]
	]
},
"pins": {
	"fields": ["PIN_NO", "PIN_NAME", "PIN_X", "PIN_Y", "LAYER", "PIN_TYPE", "NET_NAME", "NET_TYPE", "PAD_SHAPE", "PAD_SIZEX", "PAD_SIZEY", "HOLE_SIZE", "PAD_ANGLE"],
	"rows": [
		[1, "C1_1", -866.14, 131.18, "T", "DIP", "VCC", "", "C", 78.74, 78.74, 35.43, 270],
		[2, "C1_1", -866.14, 131.18, "B", "DIP", "VCC", "", "C", 78.74, 78.74, 35.43, 270],
		[3, "C1_2", -866.14, 31.18, "T", "DIP", "GND", "GND", "C", 78.74, 78.74, 35.43, 270],
		[4, "C1_2", -866.14, 31.18, "B", "DIP", "GND", "GND", "C", 78.74, 78.74, 35.43, 270],
		[5, "C2_1", 866.14, 31.18, "T", "DIP", "VCC", "", "C", 78.74, 78.74, 35.43, 90],
		[6, "C2_1", 866.14, 31.18, "B", "DIP", "VCC", "", "C", 78.74, 78.74, 35.43, 90],
		[7, "C2_2", 866.14, 131.18, "T", "DIP", "GND", "GND", "C", 78.74, 78.74, 35.43, 90],
		[8, "C2_2", 866.14, 131.18, "B", "DIP", "GND", "GND", "C", 78.74, 78.74, 35.43, 90],
		[9, "C3_1", -755, 235, "T", "SMD", "GND", "GND", "R", 55.51, 53.15, 0, 90],
		[10, "C3_2", -755, 316.1, "T", "SMD", "VCC", "", "R", 55.51, 53.15, 0, 90],
		[11, "C4_1", -955, 357.99, "T", "SMD", "GND", "GND", "R", 55.51, 53.15, 0, 90],
		[12, "C4_2", -955, 439.09, "T", "SMD", "+5V", "", "R", 55.51, 53.15, 0, 90],
		[13, "C5_1", -855, 372.05, "T", "SMD", "+5V", "", "R", 39.37, 51.02, 0, 90],
		[14, "C5_2", -855, 257.95, "T", "SMD", "GND", "GND", "R", 39.37, 51.02, 0, 90],
		[15, "C6_1", -970.59, -148.11, "T", "SMD", "GND", "GND", "R", 55.51, 53.15, 0, 0],
		[16, "C6_2", -889.49, -148.11, "T", "SMD", "VCC", "", "R", 55.51, 53.15, 0, 0],
		[17, "C7_1", 769.41, -148.11, "T", "SMD", "GND", "GND", "R", 55.51, 53.15, 0, 0],
		[18, "C7_2", 850.51, -148.11, "T", "SMD", "VCC", "", "R", 55.51, 53.15, 0, 0],
		[19, "C8_1", 1050, 150.55, "T", "SMD", "GND", "GND", "R", 55.51, 53.15, 0, 270],
		[20, "C8_2", 1050, 69.45, "T", "SMD", "VCC", "", "R", 55.51, 53.15, 0, 270],
		[21, "C9_1", -442.44, -995, "T", "SMD", "GND", "GND", "R", 31.5, 35.43, 0, 180],
		[22, "C9_2", -497.56, -995, "T", "SMD", "+5V", "", "R", 31.5, 35.43, 0, 180],
		[23, "C10_1", 244.49, -739.49, "T", "SMD", "$C10_1", "", "R", 31.5, 35.43, 0, 135],
		[24, "C10_2", 205.51, -700.51, "T", "SMD", "GND", "GND", "R", 31.5, 35.43, 0, 135],
		[25, "FPC1_1", -68.89, 966.93, "T", "SMD", "+5V", "", "R", 13.78, 51.18, 0, 180],
		[26, "FPC1_2", -49.21, 966.93, "T", "SMD", "GND", "GND", "R", 13.78, 51.18, 0, 180],
		[27, "FPC1_3", -29.52, 966.93, "T", "SMD", "P3", "", "R", 13.78, 51.18, 0, 180],
		[28, "FPC1_4", -9.84, 966.93, "T", "SMD", "C0/A4", "", "R", 13.78, 51.18, 0, 180],
		[29, "FPC1_5", 9.84, 966.93, "T", "SMD", "S3/A3", "", "R", 13.78, 51.18, 0, 180],
		[30, "FPC1_6", 29.53, 966.93, "T", "SMD", "S2/A2", "", "R", 13.78, 51.18, 0, 180],
		[31, "FPC1_7", 49.21, 966.93, "T", "SMD", "S1/A1", "", "R", 13.78, 51.18, 0, 180],
		[32, "FPC1_8", 68.9, 966.93, "T", "SMD", "S0/A0", "", "R", 13.78, 51.18, 0, 180],
		[33, "FPC1_9", 139.77, 1059.45, "T", "SMD", "GND", "GND", "R", 94.49, 118.11, 0, 180],
		[34, "FPC1_10", -139.76, 1059.45, "T", "SMD", "GND", "GND", "R", 94.49, 118.11, 0, 180],
		[35, "IFX_A1_1", -771.58, -301.02, "T", "SMD", "DIRA/D3", "", "R", 68.9, 25.59, 0, 270],
		[36, "IFX_A1_2", -810.94, -301.02, "T", "SMD", "+5V", "", "R", 68.9, 25.59, 0, 270],
		[37, "IFX_A1_3", -850.31, -301.02, "T", "SMD", "IFX_A1_3", "", "R", 68.9, 25.59, 0, 270],
		[38, "IFX_A1_4", -889.69, -301.02, "T", "SMD", "VCC", "", "R", 68.9, 25.59, 0, 270],
		[39, "IFX_A1_5", -929.06, -301.02, "T", "SMD", "OUT_A1", "", "R", 68.9, 25.59, 0, 270],
		[40, "IFX_A1_6", -968.42, -301.02, "T", "SMD", "GND", "GND", "R", 68.9, 25.59, 0, 270],
		[41, "IFX_A1_7", -968.42, -678.98, "T", "SMD", "OUT_A2", "", "R", 68.9, 25.59, 0, 270],
		[42, "IFX_A1_8", -929.06, -678.98, "T", "SMD", "GND", "GND", "R", 68.9, 25.59, 0, 270],
		[43, "IFX_A1_9", -889.69, -678.98, "T", "SMD", "GND", "GND", "R", 68.9, 25.59, 0, 270],
		[44, "IFX_A1_10", -850.31, -678.98, "T", "SMD", "GND", "GND", "R", 68.9, 25.59, 0, 270],
		[45, "IFX_A1_11", -810.94, -678.98, "T", "SMD", "GND", "GND", "R", 68.9, 25.59, 0, 270],
		[46, "IFX_A1_12", -771.58, -678.98, "T", "SMD", "PWMA/D5", "", "R", 68.9, 25.59, 0, 270],
		[47, "IFX_A1_13", -870, -490, "T", "SMD", "GND", "GND", "R", 311.02, 169.29, 0, 0],
		[48, "IFX_B1_1", 968.42, -301.02, "T", "SMD", "DIRB/D4", "", "R", 68.9, 25.59, 0, 270],
		[49, "IFX_B1_2", 929.06, -301.02, "T", "SMD", "+5V", "", "R", 68.9, 25.59, 0, 270],
		[50, "IFX_B1_3", 889.69, -301.02, "T", "SMD", "IFX_B1_3", "", "R", 68.9, 25.59, 0, 270],
		[51, "IFX_B1_4", 850.31, -301.02, "T", "SMD", "VCC", "", "R", 68.9, 25.59, 0, 270],
		[52, "IFX_B1_5", 810.94, -301.02, "T", "SMD", "OUT_B1", "", "R", 68.9, 25.59, 0, 270],
		[53, "IFX_B1_6", 771.58, -301.02, "T", "SMD", "GND", "GND", "R", 68.9, 25.59, 0, 270],
		[54, "IFX_B1_7", 771.58, -678.98, "T", "SMD", "OUT_B2", "", "R", 68.9, 25.59, 0, 270],
		[55, "IFX_B1_8", 810.94, -678.98, "T", "SMD", "GND", "GND", "R", 68.9, 25.59, 0, 270],
		[56, "IFX_B1_9", 850.31, -678.98, "T", "SMD", "GND", "GND", "R", 68.9, 25.59, 0, 270],
		[57, "IFX_B1_10", 889.69, -678.98, "T", "SMD", "GND", "GND", "R", 68.9, 25.59, 0, 270],
		[58, "IFX_B1_11", 929.06, -678.98, "T", "SMD", "GND", "GND", "R", 68.9, 25.59, 0, 270],
		[59, "IFX_B1_12", 968.42, -678.98, "T", "SMD", "PWMB/D6", "", "R", 68.9, 25.59, 0, 270],
		[60, "IFX_B1_13", 870, -490, "T", "SMD", "GND", "GND", "R", 311.02, 169.29, 0, 0],
		[61, "LED1_1", -1830.84, 759.82, "T", "SMD", "GND", "GND", "R", 31.5, 31.5, 0, 0],
		[62, "LED1_2", -1830.57, 696.86, "T", "SMD", "$LED1_2", "", "R", 31.5, 31.5, 0, 0],
		[63, "LED2_1", 1830.84, 696.86, "T", "SMD", "GND", "GND", "R", 31.5, 31.5, 0, 180],
		[64, "LED2_2", 1830.57, 759.82, "T", "SMD", "$LED2_2", "", "R", 31.5, 31.5, 0, 180],
		[65, "LED3_1", 430.71, -769.71, "T", "SMD", "GND", "GND", "R", 31.5, 31.5, 0, 90],
		[66, "LED3_2", 493.67, -769.44, "T", "SMD", "$LED3_2", "", "R", 31.5, 31.5, 0, 90],
		[67, "LED4_1", 871.48, 530.13, "T", "SMD", "GND", "GND", "R", 31.5, 31.5, 0, 270],
		[68, "LED4_2", 808.52, 529.86, "T", "SMD", "$LED4_2", "", "R", 31.5, 31.5, 0, 270],
		[69, "LED5_1", -871.48, 529.87, "T", "SMD", "GND", "GND", "R", 31.5, 31.5, 0, 90],
		[70, "LED5_2", -808.52, 530.14, "T", "SMD", "$LED5_2", "", "R", 31.5, 31.5, 0, 90],
		[71, "LED6_1", -438.52, -844.87, "T", "SMD", "RX/D0", "", "R", 31.5, 31.5, 0, 270],
		[72, "LED6_2", -501.48, -845.14, "T", "SMD", "$LED6_2", "", "R", 31.5, 31.5, 0, 270],
		[73, "LED7_1", -438.52, -919.87, "T", "SMD", "TX/D1", "", "R", 31.5, 31.5, 0, 270],
		[74, "LED7_2", -501.48, -920.14, "T", "SMD", "$LED7_2", "", "R", 31.5, 31.5, 0, 270],
		[75, "Q1_1", 925.19, 450.16, "T", "SMD", "$Q1_1", "", "R", 118.11, 62.99, 0, 180],
		[76, "Q1_2", 1194.81, 360, "T", "SMD", "OUT_C", "", "R", 244.09, 228.35, 0, 180],
		[77, "Q1_3", 925.19, 269.84, "T", "SMD", "GND", "GND", "R", 118.11, 62.99, 0, 180],
		[78, "R1_1", -639.66, -845, "T", "SMD", "+5V", "", "R", 31.75, 34.02, 0, 0],
		[79, "R1_2", -580.34, -845, "T", "SMD", "$LED6_2", "", "R", 31.75, 34.02, 0, 0],
		[80, "R2_1", -639.66, -920, "T", "SMD", "+5V", "", "R", 31.75, 34.02, 0, 0],
		[81, "R2_2", -580.34, -920, "T", "SMD", "$LED7_2", "", "R", 31.75, 34.02, 0, 0],
		[82, "R3_1", -639.66, -770, "T", "SMD", "+5V", "", "R", 31.75, 34.02, 0, 0],
		[83, "R3_2", -580.34, -770, "T", "SMD", "RESET", "", "R", 31.75, 34.02, 0, 0],
		[84, "R4_1", 432.53, -844.58, "T", "SMD", "LED3/D13", "", "R", 31.75, 34.02, 0, 0],
		[85, "R4_2", 491.85, -844.58, "T", "SMD", "$LED3_2", "", "R", 31.75, 34.02, 0, 0],
		[86, "R5_1", 735, 395.34, "T", "SMD", "LED3/D13", "", "R", 31.75, 34.02, 0, 90],
		[87, "R5_2", 735, 454.66, "T", "SMD", "$LED4_2", "", "R", 31.75, 34.02, 0, 90],
		[88, "R6_1", -1524.8, 695.83, "B", "SMD", "LED1/D2", "", "R", 31.75, 34.02, 0, 90],
		[89, "R6_2", -1524.8, 755.15, "B", "SMD", "$LED1_2", "", "R", 31.75, 34.02, 0, 90],
		[90, "R7_1", 1524.8, 760.84, "B", "SMD", "LED2/D7", "", "R", 31.75, 34.02, 0, 270],
		[91, "R7_2", 1524.8, 701.52, "B", "SMD", "$LED2_2", "", "R", 31.75, 34.02, 0, 270],
		[92, "R8_1", 810, 329.66, "T", "SMD", "PWMC/D10", "", "R", 31.75, 34.02, 0, 270],
		[93, "R8_2", 810, 270.34, "T", "SMD", "GND", "GND", "R", 31.75, 34.02, 0, 270],
		[94, "R9_1", 810, 454.66, "T", "SMD", "$Q1_1", "", "R", 31.75, 34.02, 0, 270],
		[95, "R9_2", 810, 395.34, "T", "SMD", "PWMC/D10", "", "R", 31.75, 34.02, 0, 270],
		[96, "R10_1", -734.66, 465, "T", "SMD", "$LED5_2", "", "R", 31.75, 34.02, 0, 0],
		[97, "R10_2", -675.34, 465, "T", "SMD", "+5V", "", "R", 31.75, 34.02, 0, 0],
		[98, "R20_1", -1611.05, 693.33, "B", "SMD", "+5V", "", "R", 31.75, 34.02, 0, 180],
		[99, "R20_2", -1670.37, 693.33, "B", "SMD", "$R20_2", "", "R", 31.75, 34.02, 0, 180],
		[100, "R21_1", 1611.05, 763.34, "B", "SMD", "+5V", "", "R", 31.75, 34.02, 0, 0],
		[101, "R21_2", 1670.37, 763.34, "B", "SMD", "$R21_2", "", "R", 31.75, 34.02, 0, 0],
		[102, "R30_1", -1611.05, 763.33, "B", "SMD", "GND", "GND", "R", 31.75, 34.02, 0, 180],
		[103, "R30_2", -1670.37, 763.33, "B", "SMD", "Y0/A5", "", "R", 31.75, 34.02, 0, 180],
		[104, "R31_1", 1611.05, 693.34, "B", "SMD", "GND", "GND", "R", 31.75, 34.02, 0, 0],
		[105, "R31_2", 1670.37, 693.34, "B", "SMD", "Y1/A6", "", "R", 31.75, 34.02, 0, 0],
		[106, "S0_1", -1751.97, 692.9, "B", "SMD", "$R20_2", "", "R", 31.5, 65.35, 0, 90],
		[107, "S0_2", -1909.45, 692.9, "B", "SMD", "GND", "GND", "R", 31.5, 65.35, 0, 90],
		[108, "S0_3", -1909.45, 763.77, "B", "SMD", "+5V", "", "R", 31.5, 65.35, 0, 90],
		[109, "S0_4", -1751.97, 763.77, "B", "SMD", "Y0/A5", "", "R", 31.5, 65.35, 0, 90],
		[110, "S1_1", 1751.97, 763.77, "B", "SMD", "$R21_2", "", "R", 31.5, 65.35, 0, 270],
		[111, "S1_2", 1909.45, 763.77, "B", "SMD", "GND", "GND", "R", 31.5, 65.35, 0, 270],
		[112, "S1_3", 1909.45, 692.9, "B", "SMD", "+5V", "", "R", 31.5, 65.35, 0, 270],
		[113, "S1_4", 1751.97, 692.9, "B", "SMD", "Y1/A6", "", "R", 31.5, 65.35, 0, 270],
		[114, "SW0_1", 1498.03, -1190.94, "T", "SMD", "RESET", "", "R", 39.37, 66.93, 0, 180],
		[115, "SW0_2", 1364.17, -1190.94, "T", "SMD", "GND", "GND", "R", 39.37, 66.93, 0, 180],
		[116, "SW1_1", 1403.07, 230, "T", "SMD", "B1/D11", "", "R", 39.37, 66.93, 0, 0],
		[117, "SW1_2", 1536.93, 230, "T", "SMD", "GND", "GND", "R", 39.37, 66.93, 0, 0],
		[118, "SW2_1", 1403.07, 445, "T", "SMD", "B2/D12", "", "R", 39.37, 66.93, 0, 0],
		[119, "SW2_2", 1536.93, 445, "T", "SMD", "GND", "GND", "R", 39.37, 66.93, 0, 0],
		[120, "U1_1", -196.79, -946.41, "T", "SMD", "DIRA/D3", "", "R", 17.72, 49.21, 0, 315],
		[121, "U1_2", -174.52, -968.68, "T", "SMD", "DIRB/D4", "", "R", 17.72, 49.21, 0, 315],
		[122, "U1_3", -152.25, -990.95, "T", "SMD", "GND", "GND", "R", 17.72, 49.21, 0, 315],
		[123, "U1_4", -129.98, -1013.22, "T", "SMD", "+5V", "", "R", 17.72, 49.21, 0, 315],
		[124, "U1_5", -107.71, -1035.49, "T", "SMD", "GND", "GND", "R", 17.72, 49.21, 0, 315],
		[125, "U1_6", -85.44, -1057.76, "T", "SMD", "+5V", "", "R", 17.72, 49.21, 0, 315],
		[126, "U1_7", -63.17, -1080.03, "T", "SMD", "$U1_7", "", "R", 17.72, 49.21, 0, 315],
		[127, "U1_8", -40.9, -1102.3, "T", "SMD", "$U1_8", "", "R", 17.72, 49.21, 0, 315],
		[128, "U1_9", 41.26, -1102.67, "T", "SMD", "PWMA/D5", "", "R", 49.21, 17.72, 0, 315],
		[129, "U1_10", 63.53, -1080.4, "T", "SMD", "PWMB/D6", "", "R", 49.21, 17.72, 0, 315],
		[130, "U1_11", 85.8, -1058.12, "T", "SMD", "LED2/D7", "", "R", 49.21, 17.72, 0, 315],
		[131, "U1_12", 108.07, -1035.85, "T", "SMD", "U1_12", "", "R", 49.21, 17.72, 0, 315],
		[132, "U1_13", 130.34, -1013.58, "T", "SMD", "U1_13", "", "R", 49.21, 17.72, 0, 315],
		[133, "U1_14", 152.61, -991.31, "T", "SMD", "PWMC/D10", "", "R", 49.21, 17.72, 0, 315],
		[134, "U1_15", 174.88, -969.04, "T", "SMD", "B1/D11", "", "R", 49.21, 17.72, 0, 315],
		[135, "U1_16", 197.15, -946.77, "T", "SMD", "B2/D12", "", "R", 49.21, 17.72, 0, 315],
		[136, "U1_17", 196.79, -864.62, "T", "SMD", "LED3/D13", "", "R", 17.72, 49.21, 0, 315],
		[137, "U1_18", 174.52, -842.35, "T", "SMD", "+5V", "", "R", 17.72, 49.21, 0, 315],
		[138, "U1_19", 152.25, -820.07, "T", "SMD", "Y1/A6", "", "R", 17.72, 49.21, 0, 315],
		[139, "U1_20", 129.98, -797.8, "T", "SMD", "$C10_1", "", "R", 17.72, 49.21, 0, 315],
		[140, "U1_21", 107.71, -775.53, "T", "SMD", "GND", "GND", "R", 17.72, 49.21, 0, 315],
		[141, "U1_22", 85.44, -753.26, "T", "SMD", "U1_22", "", "R", 17.72, 49.21, 0, 315],
		[142, "U1_23", 63.17, -730.99, "T", "SMD", "S0/A0", "", "R", 17.72, 49.21, 0, 315],
		[143, "U1_24", 40.9, -708.72, "T", "SMD", "S1/A1", "", "R", 17.72, 49.21, 0, 315],
		[144, "U1_25", -41.23, -708.39, "T", "SMD", "S2/A2", "", "R", 47.24, 17.72, 0, 315],
		[145, "U1_26", -63.5, -730.66, "T", "SMD", "S3/A3", "", "R", 47.24, 17.72, 0, 315],
		[146, "U1_27", -85.77, -752.93, "T", "SMD", "C0/A4", "", "R", 47.24, 17.72, 0, 315],
		[147, "U1_28", -108.04, -775.2, "T", "SMD", "Y0/A5", "", "R", 47.24, 17.72, 0, 315],
		[148, "U1_29", -130.31, -797.47, "T", "SMD", "RESET", "", "R", 47.24, 17.72, 0, 315],
		[149, "U1_30", -152.58, -819.74, "T", "SMD", "RX/D0", "", "R", 47.24, 17.72, 0, 315],
		[150, "U1_31", -174.86, -842.01, "T", "SMD", "TX/D1", "", "R", 47.24, 17.72, 0, 315],
		[151, "U1_32", -197.13, -864.28, "T", "SMD", "LED1/D2", "", "R", 47.24, 17.72, 0, 315],
		[152, "U5_1", -1068.18, 264.84, "T", "SMD", "VCC", "", "R", 110.24, 53.15, 0, 180],
		[153, "U5_3", -1068.18, 445.15, "T", "SMD", "+5V", "", "R", 110.24, 59.05, 0, 180],
		[154, "U5_4", -1341.82, 355.68, "T", "SMD", "GND", "GND", "R", 255.91, 236.22, 0, 180],
		[155, "VIN_1", -1481.1, -1190.94, "T", "DIP", "VCC", "", "R", 78.74, 78.74, 35.43, 0],
		[156, "VIN_1", -1481.1, -1190.94, "B", "DIP", "VCC", "", "R", 78.74, 78.74, 35.43, 0],
		[157, "VIN_2", -1381.1, -1190.94, "T", "DIP", "GND", "GND", "C", 78.74, 78.74, 35.43, 0],
		[158, "VIN_2", -1381.1, -1190.94, "B", "DIP", "GND", "GND", "C", 78.74, 78.74, 35.43, 0],
		[159, "X1_1", -221.6, -1098.4, "T", "SMD", "$U1_7", "", "R", 25.59, 66.93, 0, 135],
		[160, "X1_2", -255, -1065, "T", "SMD", "GND", "GND", "R", 19.68, 66.93, 0, 135],
		[161, "X1_3", -288.4, -1031.6, "T", "SMD", "$U1_8", "", "R", 25.59, 66.93, 0, 135],
		[162, "PAD1_1", 1170, 70, "T", "DIP", "VCC", "", "O", 118.11, 78.74, 35.43, 0],
		[163, "PAD1_1", 1170, 70, "B", "DIP", "VCC", "", "O", 118.11, 78.74, 35.43, 0],
		[164, "PAD2_1", 1170, 170, "T", "DIP", "OUT_C", "", "O", 118.11, 78.74, 35.43, 0],
		[165, "PAD2_1", 1170, 170, "B", "DIP", "OUT_C", "", "O", 118.11, 78.74, 35.43, 0],
		[166, "PAD3_33", -78.74, -1125, "B", "SMD", "GND", "GND", "R", 49.21, 88.58, 0, 0],
		[167, "PAD4_33", -157.48, -1125, "B", "SMD", "+5V", "", "R", 49.21, 88.58, 0, 0],
		[168, "PAD5_33", 0, -1125, "B", "SMD", "RX/D0", "", "R", 49.21, 88.58, 0, 0],
		[169, "PAD6_33", 78.74, -1125, "B", "SMD", "TX/D1", "", "R", 49.21, 88.58, 0, 0],
		[170, "PAD7_33", 157.48, -1125, "B", "SMD", "RESET", "", "R", 49.21, 88.58, 0, 0],
		[171, "PAD8_1", 1437.55, -329.18, "B", "SMD", "B2/D12", "", "C", 70.87, 70.87, 0, 180],
		[172, "PAD9_1", 1437.55, -429.18, "B", "SMD", "LED3/D13", "", "C", 70.87, 70.87, 0, 90],
		[173, "PAD10_1", 1437.55, -529.18, "B", "SMD", "RESET", "", "C", 70.87, 70.87, 0, 180],
		[174, "PAD11_1", 1337.55, -529.18, "B", "SMD", "GND", "GND", "C", 70.87, 70.87, 0, 180],
		[175, "PAD12_1", 1337.55, -429.18, "B", "SMD", "B1/D11", "", "C", 70.87, 70.87, 0, 180],
		[176, "PAD13_1", 1337.55, -329.18, "B", "SMD", "+5V", "", "C", 70.87, 70.87, 0, 0],
		[177, "PAD14_1", 1833.4, 110, "B", "SMD", "GND", "GND", "R", 29.53, 236.22, 0, 90],
		[178, "PAD15_1", 1833.4, 155, "B", "SMD", "+5V", "", "R", 29.53, 236.22, 0, 90],
		[179, "PAD16_1", 1833.4, 200, "B", "SMD", "Y1/A6", "", "R", 29.53, 236.22, 0, 90],
		[180, "PAD17_1", 1833.4, 245, "B", "SMD", "LED2/D7", "", "R", 29.53, 236.22, 0, 90],
		[181, "PAD18_1", 1773.4, 245, "T", "SMD", "LED2/D7", "", "R", 29.53, 118.11, 0, 90],
		[182, "PAD19_1", 1773.4, 200, "T", "SMD", "Y1/A6", "", "R", 29.53, 118.11, 0, 90],
		[183, "PAD20_1", 1773.4, 110, "T", "SMD", "GND", "GND", "R", 29.53, 118.11, 0, 90],
		[184, "PAD21_1", 1773.4, 155, "T", "SMD", "+5V", "", "R", 29.53, 118.11, 0, 90],
		[185, "PAD22_1", -1773.4, 110, "T", "SMD", "LED1/D2", "", "R", 29.53, 118.11, 0, 90],
		[186, "PAD23_1", -1773.4, 245, "T", "SMD", "GND", "GND", "R", 29.53, 118.11, 0, 90],
		[187, "PAD24_1", -1773.4, 200, "T", "SMD", "+5V", "", "R", 29.53, 118.11, 0, 90],
		[188, "PAD25_1", -1773.4, 155, "T", "SMD", "Y0/A5", "", "R", 29.53, 118.11, 0, 90],
		[189, "PAD26_1", -1833.4, 110, "B", "SMD", "LED1/D2", "", "R", 29.53, 236.22, 0, 90],
		[190, "PAD27_1", -1833.4, 155, "B", "SMD", "Y0/A5", "", "R", 29.53, 236.22, 0, 90],
		[191, "PAD28_1", -1833.4, 200, "B", "SMD", "+5V", "", "R", 29.53, 236.22, 0, 90],
		[192, "PAD29_1", -1833.4, 245, "B", "SMD", "GND", "GND", "R", 29.53, 236.22, 0, 90],
		[193, "PAD30_1", 1440, 100, "T", "DIP", "OUT_B1", "", "O", 118.11, 78.74, 35.43, 0],
		[194, "PAD30_1", 1440, 100, "B", "DIP", "OUT_B1", "", "O", 118.11, 78.74, 35.43, 0],
		[195, "PAD31_1", 1440, 0, "T", "DIP", "OUT_B2", "", "O", 118.11, 78.74, 35.43, 0],
		[196, "PAD31_1", 1440, 0, "B", "DIP", "OUT_B2", "", "O", 118.11, 78.74, 35.43, 0],
		[197, "PAD32_1", -1440, 0, "T", "DIP", "OUT_A2", "", "O", 118.11, 78.74, 35.43, 180],
		[198, "PAD32_1", -1440, 0, "B", "DIP", "OUT_A2", "", "O", 118.11, 78.74, 35.43, 180],
		[199, "PAD33_1", -1440, 100, "T", "DIP", "OUT_A1", "", "O", 118.11, 78.74, 35.43, 180],
		[200, "PAD33_1", -1440, 100, "B", "DIP", "OUT_A1", "", "O", 118.11, 78.74, 35.43, 180],
		[201, "PAD34_1", -1459.8, 705.49, "B", "SMD", "Y0/A5", "", "R", 31.5, 51.18, 0, 270],
		[202, "PAD35_1", -1459.8, 750.49, "B", "SMD", "+5V", "", "R", 31.5, 51.18, 0, 270],
		[203, "PAD36_1", -1459.8, 795.49, "B", "SMD", "GND", "GND", "R", 31.5, 51.18, 0, 270],
		[204, "PAD37_1", -1459.8, 660.49, "B", "SMD", "LED1/D2", "", "R", 31.5, 51.18, 0, 270],
		[205, "PAD38_1", 1459.8, 661.18, "B", "SMD", "GND", "GND", "R", 31.5, 51.18, 0, 90],
		[206, "PAD39_1", 1459.8, 751.18, "B", "SMD", "Y1/A6", "", "R", 31.5, 51.18, 0, 90],
		[207, "PAD40_1", 1459.8, 796.18, "B", "SMD", "LED2/D7", "", "R", 31.5, 51.18, 0, 90],
		[208, "PAD41_1", 1459.8, 706.18, "B", "SMD", "+5V", "", "R", 31.5, 51.18, 0, 90]
	]
}
}