{
"lengthUnit": "mil",
"components": {
	"fields": ["COMPONENT_NO", "COMPONENT_NAME", "LAYER", "X_COORDINATE", "Y_COORDINATE", "ANGLE"],
	"rows": [
		[1, "C1", "B", -105, 115, 90],
		[2, "FPC1", "T", 0, -147.95, 0],
		[3, "LED1", "T", -1706.59, 132.29, 193.657],
		[4, "LED2", "T", 1706.34, 131.94, 346.343],
		[5, "R0", "T", -1596.31, 93.15, 103.056],
		[6, "R1", "T", -1373.43, 141.22, 101.175],
		[7, "R2", "T", -1070.91, 194.2, 98.692],
		[8, "R3", "T", -766.37, 234.03, 96.208],
		[9, "R4", "T", -460.4, 260.62, 93.723],
		[10, "R5", "T", -335, 285, 180],
		[11, "R6", "T", 335, 285, 0],
		[12, "R7", "T", 460.4, 260.62, 86.275],
		[13, "R8", "T", 766.37, 234.03, 83.792],
		[14, "R9", "T", 1070.91, 194.2, 81.307],
		[15, "R10", "T", 1373.43, 141.23, 78.825],
		[16, "R11", "T", 1596.31, 93.15, 77.565],
		[17, "R20", "B", -1822.2, 37.31, 104.9],
		[18, "R21", "B", -1222.46, 169.36, 99.933],
		[19, "R22", "B", -613.53, 248.98, 94.967],
		[20, "R23", "B", 0, 275.59, 90],
		[21, "R24", "B", 613.53, 248.98, 85.033],
		[22, "R25", "B", 1222.46, 169.36, 80.067],
		[23, "R30", "T", -1741.64, 22.13, 14.278],
		[24, "R31", "T", 1741.52, 22.16, 165.722],
		[25, "S0", "B", -1673.37, 75.19, 13.658],
		[26, "S1", "B", -1373.43, 141.23, 11.175],
		[27, "S2", "B", -1070.91, 194.21, 8.692],
		[28, "S3", "B", -766.37, 234.03, 6.208],
		[29, "S4", "B", -460.4, 260.62, 3.725],
		[30, "S5", "B", -153.56, 273.93, 1.242],
		[31, "S6", "B", 153.57, 273.93, 358.758],
		[32, "S7", "B", 460.4, 260.62, 356.275],
		[33, "S8", "B", 766.38, 234.03, 353.792],
		[34, "S9", "B", 1070.91, 194.21, 351.308],
		[35, "S10", "B", 1373.43, 141.23, 348.825],
		[36, "S11", "B", 1673.38, 75.19, 346.342],
		[37, "U8", "T", 0, 206.69, 270]
	]
},
"pins": {
	"fields": ["PIN_NO", "PIN_NAME", "PIN_X", "PIN_Y", "LAYER", "PIN_TYPE", "NET_NAME", "NET_TYPE", "PAD_SHAPE", "PAD_SIZEX", "PAD_SIZEY", "HOLE_SIZE", "PAD_ANGLE"],
	"rows": [
		[1, "C1_1", -105, 87.44, "B", "SMD", "GND", "GND", "R", 31.5, 35.43, 0, 90],
		[2, "C1_2", -105, 142.56, "B", "SMD", "+5V", "", "R", 31.5, 35.43, 0, 90],
		[3, "FPC1_1", 68.89, -101.69, "T", "SMD", "S0", "", "R", 13.78, 51.18, 0, 0],
		[4, "FPC1_2", 49.21, -101.69, "T", "SMD", "S1", "", "R", 13.78, 51.18, 0, 0],
		[5, "FPC1_3", 29.52, -101.69, "T", "SMD", "S2", "", "R", 13.78, 51.18, 0, 0],
		[6, "FPC1_4", 9.84, -101.69, "T", "SMD", "S3", "", "R", 13.78, 51.18, 0, 0],
		[7, "FPC1_5", -9.84, -101.69, "T", "SMD", "C0", "", "R", 13.78, 51.18, 0, 0],
		[8, "FPC1_6", -29.53, -101.69, "T", "SMD", "P6", "", "R", 13.78, 51.18, 0, 0],
		[9, "FPC1_7", -49.21, -101.69, "T", "SMD", "GND", "GND", "R", 13.78, 51.18, 0, 0],
		[10, "FPC1_8", -68.9, -101.69, "T", "SMD", "+5V", "", "R", 13.78, 51.18, 0, 0],
		[11, "FPC1_9", -139.77, -194.21, "T", "SMD", "GND", "GND", "R", 94.49, 118.11, 0, 0],
		[12, "FPC1_10", 139.76, -194.21, "T", "SMD", "GND", "GND", "R", 94.49, 118.11, 0, 0],
		[13, "LED1_1", -1676.03, 139.86, "T", "SMD", "GND", "GND", "R", 31.5, 31.5, 0, 283.657],
		[14, "LED1_2", -1737.15, 124.73, "T", "SMD", "$LED1_2", "", "R", 31.5, 31.5, 0, 283.657],
		[15, "LED2_1", 1675.71, 139.24, "T", "SMD", "GND", "GND", "R", 31.5, 31.5, 0, 76.343],
		[16, "LED2_2", 1736.96, 124.64, "T", "SMD", "$LED2_2", "", "R", 31.5, 31.5, 0, 76.343],
		[17, "R0_1", -1589.61, 64.26, "T", "SMD", "Y0", "", "R", 31.75, 34.02, 0, 103.056],
		[18, "R0_2", -1603.01, 122.04, "T", "SMD", "GND", "GND", "R", 31.75, 34.02, 0, 103.056],
		[19, "R1_1", -1367.68, 112.13, "T", "SMD", "Y1", "", "R", 31.75, 34.02, 0, 101.175],
		[20, "R1_2", -1379.18, 170.32, "T", "SMD", "GND", "GND", "R", 31.75, 34.02, 0, 101.175],
		[21, "R2_1", -1066.42, 164.89, "T", "SMD", "Y2", "", "R", 31.75, 34.02, 0, 98.692],
		[22, "R2_2", -1075.39, 223.52, "T", "SMD", "GND", "GND", "R", 31.75, 34.02, 0, 98.692],
		[23, "R3_1", -763.16, 204.54, "T", "SMD", "Y3", "", "R", 31.75, 34.02, 0, 96.208],
		[24, "R3_2", -769.58, 263.51, "T", "SMD", "GND", "GND", "R", 31.75, 34.02, 0, 96.208],
		[25, "R4_1", -458.47, 231.02, "T", "SMD", "Y4", "", "R", 31.75, 34.02, 0, 93.723],
		[26, "R4_2", -462.32, 290.21, "T", "SMD", "GND", "GND", "R", 31.75, 34.02, 0, 93.723],
		[27, "R5_1", -305.34, 285, "T", "SMD", "Y5", "", "R", 31.75, 34.02, 0, 180],
		[28, "R5_2", -364.66, 285, "T", "SMD", "GND", "GND", "R", 31.75, 34.02, 0, 180],
		[29, "R6_1", 305.34, 285, "T", "SMD", "Y6", "", "R", 31.75, 34.02, 0, 0],
		[30, "R6_2", 364.66, 285, "T", "SMD", "GND", "GND", "R", 31.75, 34.02, 0, 0],
		[31, "R7_1", 458.47, 231.02, "T", "SMD", "Y7", "", "R", 31.75, 34.02, 0, 86.275],
		[32, "R7_2", 462.33, 290.21, "T", "SMD", "GND", "GND", "R", 31.75, 34.02, 0, 86.275],
		[33, "R8_1", 763.17, 204.54, "T", "SMD", "Y8", "", "R", 31.75, 34.02, 0, 83.792],
		[34, "R8_2", 769.58, 263.52, "T", "SMD", "GND", "GND", "R", 31.75, 34.02, 0, 83.792],
		[35, "R9_1", 1066.43, 164.88, "T", "SMD", "Y9", "", "R", 31.75, 34.02, 0, 81.307],
		[36, "R9_2", 1075.39, 223.52, "T", "SMD", "GND", "GND", "R", 31.75, 34.02, 0, 81.307],
		[37, "R10_1", 1367.68, 112.13, "T", "SMD", "Y10", "", "R", 31.75, 34.02, 0, 78.825],
		[38, "R10_2", 1379.18, 170.32, "T", "SMD", "GND", "GND", "R", 31.75, 34.02, 0, 78.825],
		[39, "R11_1", 1589.92, 64.19, "T", "SMD", "Y11", "", "R", 31.75, 34.02, 0, 77.565],
		[40, "R11_2", 1602.69, 122.12, "T", "SMD", "GND", "GND", "R", 31.75, 34.02, 0, 77.565],
		[41, "R20_1", -1814.57, 8.65, "B", "SMD", "+5V", "", "R", 31.75, 34.02, 0, 104.9],
		[42, "R20_2", -1829.83, 65.97, "B", "SMD", "$R20_2", "", "R", 31.75, 34.02, 0, 104.9],
		[43, "R21_1", -1217.34, 140.14, "B", "SMD", "+5V", "", "R", 31.75, 34.02, 0, 99.933],
		[44, "R21_2", -1227.57, 198.57, "B", "SMD", "$R21_2", "", "R", 31.75, 34.02, 0, 99.933],
		[45, "R22_1", -610.96, 219.43, "B", "SMD", "+5V", "", "R", 31.75, 34.02, 0, 94.967],
		[46, "R22_2", -616.1, 278.53, "B", "SMD", "$R22_2", "", "R", 31.75, 34.02, 0, 94.967],
		[47, "R23_1", 0, 245.93, "B", "SMD", "+5V", "", "R", 31.75, 34.02, 0, 90],
		[48, "R23_2", 0, 305.25, "B", "SMD", "$R23_2", "", "R", 31.75, 34.02, 0, 90],
		[49, "R24_1", 610.96, 219.43, "B", "SMD", "+5V", "", "R", 31.75, 34.02, 0, 85.033],
		[50, "R24_2", 616.1, 278.53, "B", "SMD", "$R24_2", "", "R", 31.75, 34.02, 0, 85.033],
		[51, "R25_1", 1217.34, 140.14, "B", "SMD", "+5V", "", "R", 31.75, 34.02, 0, 80.067],
		[52, "R25_2", 1227.57, 198.57, "B", "SMD", "$R25_2", "", "R", 31.75, 34.02, 0, 80.067],
		[53, "R30_1", -1770.39, 14.82, "T", "SMD", "+5V", "", "R", 31.75, 34.02, 0, 14.278],
		[54, "R30_2", -1712.9, 29.45, "T", "SMD", "$LED1_2", "", "R", 31.75, 34.02, 0, 14.278],
		[55, "R31_1", 1770.27, 14.85, "T", "SMD", "+5V", "", "R", 31.75, 34.02, 0, 165.722],
		[56, "R31_2", 1712.78, 29.48, "T", "SMD", "$LED2_2", "", "R", 31.75, 34.02, 0, 165.722],
		[57, "S0_1", -1758.25, 91.03, "B", "SMD", "$R20_2", "", "R", 31.5, 65.35, 0, 283.658],
		[58, "S0_2", -1605.22, 128.22, "B", "SMD", "$S0_2", "", "R", 31.5, 65.35, 0, 283.658],
		[59, "S0_3", -1588.49, 59.35, "B", "SMD", "+5V", "", "R", 31.5, 65.35, 0, 283.658],
		[60, "S0_4", -1741.52, 22.16, "B", "SMD", "Y0", "", "R", 31.5, 65.35, 0, 283.658],
		[61, "S1_1", -1457.54, 160.73, "B", "SMD", "$S0_2", "", "R", 31.5, 65.35, 0, 281.175],
		[62, "S1_2", -1303.05, 191.25, "B", "SMD", "GND", "GND", "R", 31.5, 65.35, 0, 281.175],
		[63, "S1_3", -1289.31, 121.72, "B", "SMD", "+5V", "", "R", 31.5, 65.35, 0, 281.175],
		[64, "S1_4", -1443.81, 91.2, "B", "SMD", "Y1", "", "R", 31.5, 65.35, 0, 281.175],
		[65, "S2_1", -1154.1, 217.34, "B", "SMD", "$R21_2", "", "R", 31.5, 65.35, 0, 278.692],
		[66, "S2_2", -998.42, 241.13, "B", "SMD", "$S2_2", "", "R", 31.5, 65.35, 0, 278.692],
		[67, "S2_3", -987.72, 171.08, "B", "SMD", "+5V", "", "R", 31.5, 65.35, 0, 278.692],
		[68, "S2_4", -1143.39, 147.28, "B", "SMD", "Y2", "", "R", 31.5, 65.35, 0, 278.692],
		[69, "S3_1", -848.48, 260.74, "B", "SMD", "$S2_2", "", "R", 31.5, 65.35, 0, 276.208],
		[70, "S3_2", -691.93, 277.77, "B", "SMD", "GND", "GND", "R", 31.5, 65.35, 0, 276.208],
		[71, "S3_3", -684.26, 207.32, "B", "SMD", "+5V", "", "R", 31.5, 65.35, 0, 276.208],
		[72, "S3_4", -840.82, 190.29, "B", "SMD", "Y3", "", "R", 31.5, 65.35, 0, 276.208],
		[73, "S4_1", -541.27, 290.86, "B", "SMD", "$R22_2", "", "R", 31.5, 65.35, 0, 273.725],
		[74, "S4_2", -384.13, 301.09, "B", "SMD", "$S4_2", "", "R", 31.5, 65.35, 0, 273.725],
		[75, "S4_3", -379.52, 230.37, "B", "SMD", "+5V", "", "R", 31.5, 65.35, 0, 273.725],
		[76, "S4_4", -536.67, 220.14, "B", "SMD", "Y4", "", "R", 31.5, 65.35, 0, 273.725],
		[77, "S5_1", -233.05, 307.65, "B", "SMD", "$S4_2", "", "R", 31.5, 65.35, 0, 271.242],
		[78, "S5_2", -75.61, 311.06, "B", "SMD", "GND", "GND", "R", 31.5, 65.35, 0, 271.242],
		[79, "S5_3", -74.07, 240.21, "B", "SMD", "+5V", "", "R", 31.5, 65.35, 0, 271.242],
		[80, "S5_4", -231.51, 236.79, "B", "SMD", "Y5", "", "R", 31.5, 65.35, 0, 271.242],
		[81, "S6_1", 75.61, 311.06, "B", "SMD", "$R23_2", "", "R", 31.5, 65.35, 0, 268.758],
		[82, "S6_2", 233.06, 307.65, "B", "SMD", "$S6_2", "", "R", 31.5, 65.35, 0, 268.758],
		[83, "S6_3", 231.52, 236.79, "B", "SMD", "+5V", "", "R", 31.5, 65.35, 0, 268.758],
		[84, "S6_4", 74.08, 240.21, "B", "SMD", "Y6", "", "R", 31.5, 65.35, 0, 268.758],
		[85, "S7_1", 384.13, 301.09, "B", "SMD", "$S6_2", "", "R", 31.5, 65.35, 0, 266.275],
		[86, "S7_2", 541.28, 290.86, "B", "SMD", "GND", "GND", "R", 31.5, 65.35, 0, 266.275],
		[87, "S7_3", 536.68, 220.14, "B", "SMD", "+5V", "", "R", 31.5, 65.35, 0, 266.275],
		[88, "S7_4", 379.53, 230.37, "B", "SMD", "Y7", "", "R", 31.5, 65.35, 0, 266.275],
		[89, "S8_1", 691.93, 277.77, "B", "SMD", "$R24_2", "", "R", 31.5, 65.35, 0, 263.792],
		[90, "S8_2", 848.49, 260.74, "B", "SMD", "$S8_2", "", "R", 31.5, 65.35, 0, 263.792],
		[91, "S8_3", 840.82, 190.29, "B", "SMD", "+5V", "", "R", 31.5, 65.35, 0, 263.792],
		[92, "S8_4", 684.27, 207.32, "B", "SMD", "Y8", "", "R", 31.5, 65.35, 0, 263.792],
		[93, "S9_1", 998.43, 241.13, "B", "SMD", "$S8_2", "", "R", 31.5, 65.35, 0, 261.308],
		[94, "S9_2", 1154.1, 217.34, "B", "SMD", "GND", "GND", "R", 31.5, 65.35, 0, 261.308],
		[95, "S9_3", 1143.39, 147.28, "B", "SMD", "+5V", "", "R", 31.5, 65.35, 0, 261.308],
		[96, "S9_4", 987.72, 171.08, "B", "SMD", "Y9", "", "R", 31.5, 65.35, 0, 261.308],
		[97, "S10_1", 1303.05, 191.25, "B", "SMD", "$R25_2", "", "R", 31.5, 65.35, 0, 258.825],
		[98, "S10_2", 1457.55, 160.73, "B", "SMD", "$S10_2", "", "R", 31.5, 65.35, 0, 258.825],
		[99, "S10_3", 1443.81, 91.2, "B", "SMD", "+5V", "", "R", 31.5, 65.35, 0, 258.825],
		[100, "S10_4", 1289.32, 121.72, "B", "SMD", "Y10", "", "R", 31.5, 65.35, 0, 258.825],
		[101, "S11_1", 1605.23, 128.21, "B", "SMD", "$S10_2", "", "R", 31.5, 65.35, 0, 256.342],
		[102, "S11_2", 1758.26, 91.03, "B", "SMD", "GND", "GND", "R", 31.5, 65.35, 0, 256.342],
		[103, "S11_3", 1741.52, 22.16, "B", "SMD", "+5V", "", "R", 31.5, 65.35, 0, 256.342],
		[104, "S11_4", 1588.49, 59.35, "B", "SMD", "Y11", "", "R", 31.5, 65.35, 0, 256.342],
		[105, "U8_1", -119, 347.43, "T", "SMD", "C0", "", "R", 15.75, 64.96, 0, 270],
		[106, "U8_2", -119, 321.84, "T", "SMD", "Y5", "", "R", 15.75, 64.96, 0, 270],
		[107, "U8_3", -119, 296.25, "T", "SMD", "Y4", "", "R", 15.75, 64.96, 0, 270],
		[108, "U8_4", -119, 270.66, "T", "SMD", "Y3", "", "R", 15.75, 64.96, 0, 270],
		[109, "U8_5", -119, 245.07, "T", "SMD", "Y2", "", "R", 15.75, 64.96, 0, 270],
		[110, "U8_6", -119, 219.48, "T", "SMD", "Y1", "", "R", 15.75, 64.96, 0, 270],
		[111, "U8_7", -119, 193.9, "T", "SMD", "Y0", "", "R", 15.75, 64.96, 0, 270],
		[112, "U8_8", -119, 168.3, "T", "SMD", "GND", "GND", "R", 15.75, 64.96, 0, 270],
		[113, "U8_9", -119, 142.71, "T", "SMD", "GND", "GND", "R", 15.75, 64.96, 0, 270],
		[114, "U8_10", -119, 117.12, "T", "SMD", "S0", "", "R", 15.75, 64.96, 0, 270],
		[115, "U8_11", -119, 91.53, "T", "SMD", "S1", "", "R", 15.75, 64.96, 0, 270],
		[116, "U8_12", -119, 65.95, "T", "SMD", "GND", "GND", "R", 15.75, 64.96, 0, 270],
		[117, "U8_13", 119, 65.95, "T", "SMD", "S3", "", "R", 15.75, 64.96, 0, 270],
		[118, "U8_14", 119, 91.53, "T", "SMD", "S2", "", "R", 15.75, 64.96, 0, 270],
		[119, "U8_15", 119, 117.12, "T", "SMD", "GND", "GND", "R", 15.75, 64.96, 0, 270],
		[120, "U8_16", 119, 142.71, "T", "SMD", "GND", "GND", "R", 15.75, 64.96, 0, 270],
		[121, "U8_17", 119, 168.3, "T", "SMD", "GND", "GND", "R", 15.75, 64.96, 0, 270],
		[122, "U8_18", 119, 193.9, "T", "SMD", "Y11", "", "R", 15.75, 64.96, 0, 270],
		[123, "U8_19", 119, 219.48, "T", "SMD", "Y10", "", "R", 15.75, 64.96, 0, 270],
		[124, "U8_20", 119, 245.07, "T", "SMD", "Y9", "", "R", 15.75, 64.96, 0, 270],
		[125, "U8_21", 119, 270.66, "T", "SMD", "Y8", "", "R", 15.75, 64.96, 0, 270],
		[126, "U8_22", 119, 296.25, "T", "SMD", "Y7", "", "R", 15.75, 64.96, 0, 270],
		[127, "U8_23", 119, 321.84, "T", "SMD", "Y6", "", "R", 15.75, 64.96, 0, 270],
		[128, "U8_24", 119, 347.43, "T", "SMD", "+5V", "", "R", 15.75, 64.96, 0, 270]
	]
}
}